"Hint","Ea","Pattern","MaxDmaSize","CmdCount","OffloadFit","DispatchRisk","Records","RunsSeen","TotalBytes","Total","ShareOf25cc","Get","Put","RsxBytes","Rsx","DurationUs","DurationMs","MaxJob"
"broaden-25cc-verify-ea-family","0x9e4000","0xf7bf30bddad5855f","16384","159","spu-kernel-hle","tiny-dispatch-trap","334","6","535174880","510.38 MB","7.27%","79.59 MB","430.80 MB","0","0 B","2943292","2,943.292","1.53 MB"
"broaden-25cc-verify-ea-family","0x9e4000","0x30540805202a855f","16384","159","spu-kernel-hle","tiny-dispatch-trap","322","6","515947040","492.05 MB","7.00%","76.73 MB","415.32 MB","0","0 B","3163505","3,163.505","1.53 MB"
"broaden-25cc-verify-ea-family","0x9e4000","0x209c1716c9de855f","16384","159","spu-kernel-hle","tiny-dispatch-trap","316","6","506333120","482.88 MB","6.87%","75.30 MB","407.58 MB","0","0 B","2601205","2,601.205","1.53 MB"
"broaden-25cc-verify-ea-family","0x9e4000","0x4318b5fc803b855f","16384","159","spu-kernel-hle","tiny-dispatch-trap","301","6","482298320","459.96 MB","6.55%","71.72 MB","388.23 MB","0","0 B","2968541","2,968.541","1.53 MB"
"broaden-25cc-verify-ea-family","0x9e4000","0x9c4d64ff0a1c9823","16384","317","spu-kernel-hle","tiny-dispatch-trap","162","4","286708896","273.43 MB","3.89%","38.60 MB","234.83 MB","0","0 B","1080789","1,080.789","1.69 MB"
"broaden-25cc-verify-ea-family","0x9e4000","0x95cedb5ff3de9823","16384","317","spu-kernel-hle","tiny-dispatch-trap","145","4","256622160","244.73 MB","3.48%","34.55 MB","210.18 MB","0","0 B","952649","952.649","1.69 MB"
"broaden-25cc-verify-ea-family","0x9e4000","0xc4e7ec394d77f62b","16384","316","spu-kernel-hle","tiny-dispatch-trap","144","4","254133504","242.36 MB","3.45%","34.31 MB","208.05 MB","0","0 B","894726","894.726","1.68 MB"
"broaden-25cc-verify-ea-family","0x9e4000","0xf68d32bc2886f62b","16384","316","spu-kernel-hle","tiny-dispatch-trap","130","4","229426080","218.80 MB","3.11%","30.98 MB","187.82 MB","0","0 B","931718","931.718","1.68 MB"
"broaden-25cc-verify-ea-family","0x9e4000","0x4761323927fcb13","16384","305","spu-kernel-hle","tiny-dispatch-trap","131","4","223997424","213.62 MB","3.04%","31.21 MB","182.41 MB","0","0 B","893409","893.409","1.63 MB"
"broaden-25cc-verify-ea-family","0x9e4000","0x2c5fadfec0f0cb13","16384","305","spu-kernel-hle","tiny-dispatch-trap","128","4","218867712","208.73 MB","2.97%","30.50 MB","178.23 MB","0","0 B","778162","778.162","1.63 MB"
"broaden-25cc-verify-ea-family","0x9e4000","0xb86b87ed0d1f8093","16384","173","spu-kernel-hle","tiny-dispatch-trap","123","6","202288752","192.92 MB","2.75%","29.31 MB","163.61 MB","0","0 B","1262466","1,262.466","1.57 MB"
"broaden-25cc-verify-ea-family","0x9e4000","0xc27c7fd824c8354b","16384","306","spu-kernel-hle","tiny-dispatch-trap","115","4","197213040","188.08 MB","2.68%","27.40 MB","160.67 MB","0","0 B","722540","722.540","1.64 MB"
"broaden-25cc-verify-ea-family","0x9e4000","0xff1468682a558093","16384","173","spu-kernel-hle","tiny-dispatch-trap","110","6","180908640","172.53 MB","2.46%","26.21 MB","146.32 MB","0","0 B","1277959","1,277.959","1.57 MB"
"profile-only","0x9e4000","0x637bd86e83c7d933","16384","305","spu-kernel-hle","tiny-dispatch-trap","102","1","179456352","171.14 MB","2.44%","24.30 MB","146.84 MB","0","0 B","696651","696.651","1.68 MB"
"broaden-25cc-verify-ea-family","0x9e4000","0x8bf74edab149354b","16384","306","spu-kernel-hle","tiny-dispatch-trap","101","4","173204496","165.18 MB","2.35%","24.07 MB","141.11 MB","0","0 B","630689","630.689","1.64 MB"
"broaden-25cc-verify-ea-family","0x9e4000","0x4b67e9a0b6538093","16384","173","spu-kernel-hle","tiny-dispatch-trap","104","6","171040896","163.12 MB","2.32%","24.78 MB","138.34 MB","0","0 B","910927","910.927","1.57 MB"
"profile-only","0x9e4000","0x1ab8ac861b5cd933","16384","305","spu-kernel-hle","tiny-dispatch-trap","92","1","161862592","154.36 MB","2.20%","21.92 MB","132.44 MB","0","0 B","679193","679.193","1.68 MB"
"broaden-25cc-verify-ea-family","0x9e4000","0x3f80928e6a918093","16384","173","spu-kernel-hle","tiny-dispatch-trap","94","6","154594656","147.43 MB","2.10%","22.40 MB","125.03 MB","0","0 B","919235","919.235","1.57 MB"
"profile-only","0x9e4000","0x6fe22f6f1b14d933","16384","305","spu-kernel-hle","tiny-dispatch-trap","85","1","149546960","142.62 MB","2.03%","20.25 MB","122.37 MB","0","0 B","516553","516.553","1.68 MB"
"profile-only","0x9e4000","0x2baa1e01e61d933","16384","305","spu-kernel-hle","tiny-dispatch-trap","84","1","147787584","140.94 MB","2.01%","20.02 MB","120.93 MB","0","0 B","484997","484.997","1.68 MB"
"profile-only","0x9e4000","0xf78730e1345b55b","16384","294","spu-kernel-hle","tiny-dispatch-trap","86","1","146583904","139.79 MB","1.99%","20.49 MB","119.30 MB","0","0 B","615826","615.826","1.63 MB"
"profile-only","0x9e4000","0xb50bded0b53355b","16384","294","spu-kernel-hle","tiny-dispatch-trap","84","1","143174976","136.54 MB","1.94%","20.02 MB","116.53 MB","0","0 B","518760","518.760","1.63 MB"
"profile-only","0x9e4000","0x518af699993af103","16384","305","spu-kernel-hle","tiny-dispatch-trap","81","1","142509456","135.91 MB","1.93%","19.30 MB","116.61 MB","0","0 B","537552","537.552","1.68 MB"
"profile-only","0x9e4000","0x6d6ae03541acb55b","16384","294","spu-kernel-hle","tiny-dispatch-trap","82","1","139766048","133.29 MB","1.90%","19.54 MB","113.75 MB","0","0 B","545813","545.813","1.63 MB"
"profile-only","0x9e4000","0x16566aac139cf103","16384","305","spu-kernel-hle","tiny-dispatch-trap","75","1","131953200","125.84 MB","1.79%","17.87 MB","107.97 MB","0","0 B","734977","734.977","1.68 MB"
"profile-only","0x9e4000","0x92c046f871df355b","16384","294","spu-kernel-hle","tiny-dispatch-trap","76","1","129539264","123.54 MB","1.76%","18.11 MB","105.43 MB","0","0 B","614222","614.222","1.63 MB"
"profile-only","0x9e4000","0x699ebd5be035e6b","16384","294","spu-kernel-hle","tiny-dispatch-trap","69","1","117608016","112.16 MB","1.60%","16.44 MB","95.72 MB","0","0 B","557298","557.298","1.63 MB"
"profile-only","0x9e4000","0xcaffc417825e5e6b","16384","294","spu-kernel-hle","tiny-dispatch-trap","67","1","114199088","108.91 MB","1.55%","15.96 MB","92.94 MB","0","0 B","593775","593.775","1.63 MB"
"profile-only","0x9e4000","0x6cf9c3008f9b6c1b","16384","316","spu-kernel-hle","tiny-dispatch-trap","30","1","52944480","50.49 MB","0.72%","7.15 MB","43.34 MB","0","0 B","232551","232.551","1.68 MB"
"profile-only","0x9e4000","0x3137dda27695777b","16384","306","spu-kernel-hle","tiny-dispatch-trap","30","1","51446880","49.06 MB","0.70%","7.15 MB","41.92 MB","0","0 B","144791","144.791","1.64 MB"
"profile-only","0x9e4000","0x87f031904359fdc3","16384","305","spu-kernel-hle","tiny-dispatch-trap","30","1","51297120","48.92 MB","0.70%","7.15 MB","41.77 MB","0","0 B","196286","196.286","1.63 MB"
"profile-only","0x9e4000","0xe5e89c4f23fbec1b","16384","316","spu-kernel-hle","tiny-dispatch-trap","29","1","51179664","48.81 MB","0.69%","6.91 MB","41.90 MB","0","0 B","234025","234.025","1.68 MB"
"profile-only","0x9e4000","0xcd91093c6363efd3","16384","317","spu-kernel-hle","tiny-dispatch-trap","27","1","47784816","45.57 MB","0.65%","6.43 MB","39.14 MB","0","0 B","151126","151.126","1.69 MB"
"profile-only","0x9e4000","0xe278270b0325f77b","16384","306","spu-kernel-hle","tiny-dispatch-trap","26","1","44587296","42.52 MB","0.61%","6.20 MB","36.33 MB","0","0 B","143560","143.560","1.64 MB"
"profile-only","0x9e4000","0xc953c293661777b","16384","306","spu-kernel-hle","tiny-dispatch-trap","26","1","44587296","42.52 MB","0.61%","6.20 MB","36.33 MB","0","0 B","151479","151.479","1.64 MB"
"profile-only","0x9e4000","0x732e76f7ccccfdc3","16384","305","spu-kernel-hle","tiny-dispatch-trap","21","1","35907984","34.24 MB","0.49%","5.00 MB","29.24 MB","0","0 B","153916","153.916","1.63 MB"
"profile-only","0x9e4000","0xddfaca39b4cdefd3","16384","317","spu-kernel-hle","tiny-dispatch-trap","20","1","35396160","33.76 MB","0.48%","4.77 MB","28.99 MB","0","0 B","147025","147.025","1.69 MB"
"profile-only","0x9e4000","0x55c53d2ef20a6c1b","16384","316","spu-kernel-hle","tiny-dispatch-trap","19","1","33531504","31.98 MB","0.46%","4.53 MB","27.45 MB","0","0 B","182672","182.672","1.68 MB"
"profile-only","0x9e4000","0x5d76713e3f0f7dc3","16384","305","spu-kernel-hle","tiny-dispatch-trap","19","1","32488176","30.98 MB","0.44%","4.53 MB","26.46 MB","0","0 B","184716","184.716","1.63 MB"
"profile-only","0x9e4000","0x638378d5232fec1b","16384","316","spu-kernel-hle","tiny-dispatch-trap","18","1","31766688","30.30 MB","0.43%","4.29 MB","26.01 MB","0","0 B","93504","93.504","1.68 MB"
"broaden-25cc-verify-ea-family","0x9e4000","0x792d71852e37dcff","16384","173","spu-kernel-hle","tiny-dispatch-trap","18","5","29619360","28.25 MB","0.40%","4.29 MB","23.96 MB","0","0 B","177625","177.625","1.57 MB"
"profile-only","0x9e4000","0x101e3f1b26ccf77b","16384","306","spu-kernel-hle","tiny-dispatch-trap","15","1","25723440","24.53 MB","0.35%","3.57 MB","20.96 MB","0","0 B","104993","104.993","1.64 MB"
"profile-only","0x9e4000","0x269adf0eeac1efd3","16384","317","spu-kernel-hle","tiny-dispatch-trap","14","1","24777312","23.63 MB","0.34%","3.34 MB","20.29 MB","0","0 B","144448","144.448","1.69 MB"
"profile-only","0x9e4000","0x2af4494ac8417dc3","16384","305","spu-kernel-hle","tiny-dispatch-trap","13","1","22228752","21.20 MB","0.30%","3.10 MB","18.10 MB","0","0 B","111619","111.619","1.63 MB"
"broaden-25cc-verify-ea-family","0x9e4000","0x26470bda5c81dcff","16384","173","spu-kernel-hle","tiny-dispatch-trap","13","5","21391760","20.40 MB","0.29%","3.10 MB","17.30 MB","0","0 B","151297","151.297","1.57 MB"
"broaden-25cc-verify-ea-family","0x9e4000","0x3a7a67fa73e2dcff","16384","173","spu-kernel-hle","tiny-dispatch-trap","12","6","19746240","18.83 MB","0.27%","2.86 MB","15.97 MB","0","0 B","94422","94.422","1.57 MB"
"broaden-25cc-verify-ea-family","0x9e4000","0x2c757b5c95b1a4a7","16384","172","spu-kernel-hle","tiny-dispatch-trap","10","6","16405280","15.65 MB","0.22%","2.38 MB","13.26 MB","0","0 B","63814","63.814","1.56 MB"
"broaden-25cc-verify-ea-family","0x9e4000","0x17e0ff971a75a4a7","16384","172","spu-kernel-hle","tiny-dispatch-trap","10","5","16405280","15.65 MB","0.22%","2.38 MB","13.26 MB","0","0 B","132022","132.022","1.56 MB"
"broaden-25cc-verify-ea-family","0x9e4000","0xc0ca5fd13c98a4a7","16384","172","spu-kernel-hle","tiny-dispatch-trap","9","4","14764752","14.08 MB","0.20%","2.14 MB","11.94 MB","0","0 B","44433","44.433","1.56 MB"
"broaden-25cc-verify-ea-family","0x9e4000","0xdce337194f7a4df3","16384","318","spu-kernel-hle","tiny-dispatch-trap","4","2","12818560","12.22 MB","0.17%","1.91 MB","10.32 MB","0","0 B","8868","8.868","3.06 MB"
"profile-only","0x9e4000","0xed0a6af3cd4befd3","16384","317","spu-kernel-hle","tiny-dispatch-trap","7","1","12388656","11.81 MB","0.17%","1.67 MB","10.15 MB","0","0 B","75126","75.126","1.69 MB"
"broaden-25cc-verify-ea-family","0x9e4000","0xbe0eee4c2d7ea4a7","16384","172","spu-kernel-hle","tiny-dispatch-trap","7","3","11483696","10.95 MB","0.16%","1.67 MB","9.28 MB","0","0 B","69915","69.915","1.56 MB"
"broaden-25cc-verify-ea-family","0x9e4000","0x5d1df69d28beb333","16384","327","spu-kernel-hle","tiny-dispatch-trap","6","2","10621536","10.13 MB","0.14%","1.43 MB","8.70 MB","0","0 B","32180","32.180","1.69 MB"
"broaden-25cc-verify-ea-family","0x9e4000","0x49dc569c9b18f0ff","16384","160","spu-kernel-hle","tiny-dispatch-trap","6","6","9638496","9.19 MB","0.13%","1.43 MB","7.76 MB","0","0 B","8052","8.052","1.53 MB"
"broaden-25cc-verify-ea-family","0x9e4000","0xbabcde62dba82eb","16384","184","spu-kernel-hle","tiny-dispatch-trap","5","2","8250320","7.87 MB","0.11%","1.19 MB","6.68 MB","0","0 B","69744","69.744","1.57 MB"
"broaden-25cc-verify-ea-family","0x9e4000","0x4eb8526a68f69853","16384","317","spu-kernel-hle","tiny-dispatch-trap","4","3","6881344","6.56 MB","0.09%","976.00 KB","5.61 MB","0","0 B","25231","25.231","1.64 MB"
"broaden-25cc-verify-ea-family","0x9e4000","0xd8d58633ef33c223","16384","185","spu-kernel-hle","tiny-dispatch-trap","4","3","6620224","6.31 MB","0.09%","976.00 KB","5.36 MB","0","0 B","23904","23.904","1.58 MB"
"broaden-25cc-verify-ea-family","0x9e4000","0x314d49c68d4bab3","16384","185","spu-kernel-hle","tiny-dispatch-trap","4","2","6620224","6.31 MB","0.09%","976.00 KB","5.36 MB","0","0 B","4670","4.670","1.58 MB"
"broaden-25cc-verify-ea-family","0x9e4000","0x33a1a733913802eb","16384","184","spu-kernel-hle","tiny-dispatch-trap","4","3","6600256","6.29 MB","0.09%","976.00 KB","5.34 MB","0","0 B","85758","85.758","1.57 MB"
"broaden-25cc-verify-ea-family","0x9e4000","0xd16c84ec91ec82eb","16384","184","spu-kernel-hle","tiny-dispatch-trap","4","2","6600256","6.29 MB","0.09%","976.00 KB","5.34 MB","0","0 B","95772","95.772","1.57 MB"
"broaden-25cc-verify-ea-family","0x9e4000","0x8a8bf53ba96dcff","16384","173","spu-kernel-hle","tiny-dispatch-trap","4","4","6582080","6.28 MB","0.09%","976.00 KB","5.32 MB","0","0 B","53847","53.847","1.57 MB"
"profile-only","0x9e4000","0xe6b91fd9acb512f","16384","747","spu-kernel-hle","tiny-dispatch-trap","1","1","6460944","6.16 MB","0.09%","244.00 KB","5.92 MB","0","0 B","137076","137.076","6.16 MB"
"broaden-25cc-verify-ea-family","0x9e4000","0x80175bd84f4a4df3","16384","318","spu-kernel-hle","tiny-dispatch-trap","2","2","6409280","6.11 MB","0.09%","976.00 KB","5.16 MB","0","0 B","20353","20.353","3.06 MB"
"profile-only","0x9e4000","0xa55e0a3f73948b83","16384","660","spu-kernel-hle","tiny-dispatch-trap","1","1","6078784","5.80 MB","0.08%","488.00 KB","5.32 MB","0","0 B","3220","3.220","5.80 MB"
"profile-only","0x9e4000","0xb7420382a08c63f3","16384","1132","spu-kernel-hle","tiny-dispatch-trap","1","1","5926464","5.65 MB","0.08%","488.00 KB","5.18 MB","0","0 B","59855","59.855","5.65 MB"
"profile-only","0x9e4000","0x9bbc24020f794fdb","16384","1145","spu-kernel-hle","tiny-dispatch-trap","1","1","5457600","5.20 MB","0.07%","244.00 KB","4.97 MB","0","0 B","33163","33.163","5.20 MB"
"broaden-25cc-verify-ea-family","0x9e4000","0xb746488c27954b6b","16384","328","spu-kernel-hle","tiny-dispatch-trap","3","2","5325744","5.08 MB","0.07%","732.00 KB","4.36 MB","0","0 B","6058","6.058","1.69 MB"
"broaden-25cc-verify-ea-family","0x9e4000","0x4e0dcd647a74b333","16384","327","spu-kernel-hle","tiny-dispatch-trap","3","2","5310768","5.06 MB","0.07%","732.00 KB","4.35 MB","0","0 B","9151","9.151","1.69 MB"
"broaden-25cc-verify-ea-family","0x9e4000","0xb88d05f43eeb35fb","16384","318","spu-kernel-hle","tiny-dispatch-trap","3","2","5175984","4.94 MB","0.07%","732.00 KB","4.22 MB","0","0 B","8502","8.502","1.65 MB"
"profile-only","0x9e4000","0xb5ddc857f93ad2cb","16384","318","spu-kernel-hle","tiny-dispatch-trap","3","1","5175984","4.94 MB","0.07%","732.00 KB","4.22 MB","0","0 B","31252","31.252","1.65 MB"
"profile-only","0x9e4000","0x2ce2bfa14ab86243","16384","317","spu-kernel-hle","tiny-dispatch-trap","3","1","5161008","4.92 MB","0.07%","732.00 KB","4.21 MB","0","0 B","31917","31.917","1.64 MB"
"broaden-25cc-verify-ea-family","0x9e4000","0x8361ff0603f23ab3","16384","185","spu-kernel-hle","tiny-dispatch-trap","3","2","4965168","4.74 MB","0.07%","732.00 KB","4.02 MB","0","0 B","38608","38.608","1.58 MB"
"broaden-25cc-verify-ea-family","0x9e4000","0xd8001c3f6a98bab3","16384","185","spu-kernel-hle","tiny-dispatch-trap","3","2","4965168","4.74 MB","0.07%","732.00 KB","4.02 MB","0","0 B","32431","32.431","1.58 MB"
"profile-only","0x9e4000","0x76658239ecd3a76f","16384","477","spu-kernel-hle","tiny-dispatch-trap","1","1","4806960","4.58 MB","0.07%","732.00 KB","3.87 MB","0","0 B","3148","3.148","4.58 MB"
"profile-only","0x9e4000","0xaa7595a2ba69b96f","16384","461","spu-kernel-hle","tiny-dispatch-trap","1","1","4557104","4.35 MB","0.06%","488.00 KB","3.87 MB","0","0 B","2790","2.790","4.35 MB"
"profile-only","0x9e4000","0xa2b4628b16a07653","16384","873","spu-kernel-hle","tiny-dispatch-trap","1","1","4248304","4.05 MB","0.06%","244.00 KB","3.81 MB","0","0 B","59562","59.562","4.05 MB"
"broaden-25cc-verify-ea-family","0x9e4000","0x2b63704e529d5603","16384","341","spu-kernel-hle","tiny-dispatch-trap","2","2","3581344","3.42 MB","0.05%","488.00 KB","2.94 MB","0","0 B","4407","4.407","1.71 MB"
"profile-only","0x9e4000","0x54fd636f36dbb54b","16384","350","spu-kernel-hle","tiny-dispatch-trap","2","1","3572256","3.41 MB","0.05%","488.00 KB","2.93 MB","0","0 B","3359","3.359","1.70 MB"
"broaden-25cc-verify-ea-family","0x9e4000","0xd28807d99967eacb","16384","340","spu-kernel-hle","tiny-dispatch-trap","2","2","3571360","3.41 MB","0.05%","488.00 KB","2.93 MB","0","0 B","30623","30.623","1.70 MB"
"broaden-25cc-verify-ea-family","0x9e4000","0xd8f113710a524b6b","16384","328","spu-kernel-hle","tiny-dispatch-trap","2","2","3550496","3.39 MB","0.05%","488.00 KB","2.91 MB","0","0 B","3493","3.493","1.69 MB"
"profile-only","0x9e4000","0xcc7e65126dc0fd7b","16384","328","spu-kernel-hle","tiny-dispatch-trap","2","1","3550496","3.39 MB","0.05%","488.00 KB","2.91 MB","0","0 B","30622","30.622","1.69 MB"
"profile-only","0x9e4000","0x94d86b295f63623","16384","327","spu-kernel-hle","tiny-dispatch-trap","2","1","3540512","3.38 MB","0.05%","488.00 KB","2.90 MB","0","0 B","3305","3.305","1.69 MB"
"profile-only","0x9e4000","0x2c8e491b7b45b623","16384","327","spu-kernel-hle","tiny-dispatch-trap","2","1","3540512","3.38 MB","0.05%","488.00 KB","2.90 MB","0","0 B","3559","3.559","1.69 MB"
"broaden-25cc-verify-ea-family","0x9e4000","0x5eb5cc76e96093d3","16384","341","spu-kernel-hle","tiny-dispatch-trap","2","2","3482400","3.32 MB","0.05%","488.00 KB","2.84 MB","0","0 B","23109","23.109","1.66 MB"
"profile-only","0x9e4000","0x16879b6b6ee6ef93","16384","329","spu-kernel-hle","tiny-dispatch-trap","2","1","3461536","3.30 MB","0.05%","488.00 KB","2.82 MB","0","0 B","3495","3.495","1.65 MB"
"profile-only","0x9e4000","0xf8321aca661211eb","16384","318","spu-kernel-hle","tiny-dispatch-trap","2","1","3450656","3.29 MB","0.05%","488.00 KB","2.81 MB","0","0 B","3339","3.339","1.65 MB"
"profile-only","0x9e4000","0x46e45388555a69cb","16384","318","spu-kernel-hle","tiny-dispatch-trap","2","1","3450656","3.29 MB","0.05%","488.00 KB","2.81 MB","0","0 B","34538","34.538","1.65 MB"
"broaden-25cc-verify-ea-family","0x9e4000","0xfe09b8041f9c9853","16384","317","spu-kernel-hle","tiny-dispatch-trap","2","2","3440672","3.28 MB","0.05%","488.00 KB","2.80 MB","0","0 B","25621","25.621","1.64 MB"
"broaden-25cc-verify-ea-family","0x9e4000","0x8a5e3bcf2b36243","16384","317","spu-kernel-hle","tiny-dispatch-trap","2","2","3440672","3.28 MB","0.05%","488.00 KB","2.80 MB","0","0 B","3137","3.137","1.64 MB"
"broaden-25cc-verify-ea-family","0x9e4000","0x2e01f54af1d21167","16384","282","spu-kernel-hle","tiny-dispatch-trap","2","2","3389856","3.23 MB","0.05%","488.00 KB","2.76 MB","0","0 B","3482","3.482","1.62 MB"
"profile-only","0x9e4000","0x2b7fe1c06fa04223","16384","185","spu-kernel-hle","tiny-dispatch-trap","2","1","3310112","3.16 MB","0.04%","488.00 KB","2.68 MB","0","0 B","4184","4.184","1.58 MB"
"broaden-25cc-verify-ea-family","0x9e4000","0x527fd66781c7d03f","16384","175","spu-kernel-hle","tiny-dispatch-trap","2","2","3301632","3.15 MB","0.04%","488.00 KB","2.67 MB","0","0 B","18881","18.881","1.57 MB"
"profile-only","0x9e4000","0xe6393a60d7027983","16384","346","spu-kernel-hle","tiny-dispatch-trap","1","1","3289248","3.14 MB","0.04%","488.00 KB","2.66 MB","0","0 B","2115","2.115","3.14 MB"
"profile-only","0x9e4000","0xabfe30e8cac3d5fb","16384","345","spu-kernel-hle","tiny-dispatch-trap","1","1","3286048","3.13 MB","0.04%","488.00 KB","2.66 MB","0","0 B","33160","33.160","3.13 MB"
"profile-only","0x9e4000","0x1a22420712a774cb","16384","589","spu-kernel-hle","tiny-dispatch-trap","1","1","2979104","2.84 MB","0.04%","244.00 KB","2.60 MB","0","0 B","18210","18.210","2.84 MB"
"profile-only","0x9e4000","0x519f80e1576d74cb","16384","589","spu-kernel-hle","tiny-dispatch-trap","1","1","2979104","2.84 MB","0.04%","244.00 KB","2.60 MB","0","0 B","42028","42.028","2.84 MB"
"profile-only","0x9e4000","0x4443790463013d1b","16384","589","spu-kernel-hle","tiny-dispatch-trap","1","1","2979104","2.84 MB","0.04%","244.00 KB","2.60 MB","0","0 B","10745","10.745","2.84 MB"
"profile-only","0x9e4000","0x549931a017033ef3","16384","302","spu-kernel-hle","tiny-dispatch-trap","1","1","2954784","2.82 MB","0.04%","244.00 KB","2.58 MB","0","0 B","1851","1.851","2.82 MB"
"profile-only","0x9e4000","0xa73bf885b3cf169b","16384","285","spu-kernel-hle","tiny-dispatch-trap","1","1","2704032","2.58 MB","0.04%","244.00 KB","2.34 MB","0","0 B","2197","2.197","2.58 MB"
"profile-only","0x9e4000","0x95c79be5b1972ddb","16384","352","spu-kernel-hle","tiny-dispatch-trap","1","1","1796112","1.71 MB","0.02%","244.00 KB","1.47 MB","0","0 B","1964","1.964","1.71 MB"
"profile-only","0x9e4000","0xbd0609aa513fa383","16384","351","spu-kernel-hle","tiny-dispatch-trap","1","1","1791120","1.71 MB","0.02%","244.00 KB","1.47 MB","0","0 B","2289","2.289","1.71 MB"
"profile-only","0x9e4000","0x756015788a5c5603","16384","341","spu-kernel-hle","tiny-dispatch-trap","1","1","1790672","1.71 MB","0.02%","244.00 KB","1.47 MB","0","0 B","2936","2.936","1.71 MB"
"profile-only","0x9e4000","0x86c6938e7301da5b","16384","350","spu-kernel-hle","tiny-dispatch-trap","1","1","1786128","1.70 MB","0.02%","244.00 KB","1.47 MB","0","0 B","5495","5.495","1.70 MB"
"profile-only","0x9e4000","0x1df09848a57acb7b","16384","350","spu-kernel-hle","tiny-dispatch-trap","1","1","1786128","1.70 MB","0.02%","244.00 KB","1.47 MB","0","0 B","1859","1.859","1.70 MB"
"profile-only","0x9e4000","0x4f02e1c63de5595b","16384","340","spu-kernel-hle","tiny-dispatch-trap","1","1","1785680","1.70 MB","0.02%","244.00 KB","1.46 MB","0","0 B","1866","1.866","1.70 MB"
"profile-only","0x9e4000","0x6375a25bafcccbfb","16384","340","spu-kernel-hle","tiny-dispatch-trap","1","1","1785680","1.70 MB","0.02%","244.00 KB","1.46 MB","0","0 B","1639","1.639","1.70 MB"
"profile-only","0x9e4000","0xa644b3e2faacbfb","16384","340","spu-kernel-hle","tiny-dispatch-trap","1","1","1785680","1.70 MB","0.02%","244.00 KB","1.46 MB","0","0 B","1968","1.968","1.70 MB"
"profile-only","0x9e4000","0x12303b037b36cbfb","16384","340","spu-kernel-hle","tiny-dispatch-trap","1","1","1785680","1.70 MB","0.02%","244.00 KB","1.46 MB","0","0 B","2159","2.159","1.70 MB"
"profile-only","0x9e4000","0x6f72a6cb4c442d93","16384","331","spu-kernel-hle","tiny-dispatch-trap","1","1","1780848","1.70 MB","0.02%","244.00 KB","1.46 MB","0","0 B","2114","2.114","1.70 MB"
"profile-only","0x9e4000","0x4151d51cbbe7f883","16384","339","spu-kernel-hle","tiny-dispatch-trap","1","1","1780688","1.70 MB","0.02%","244.00 KB","1.46 MB","0","0 B","2011","2.011","1.70 MB"
"profile-only","0x9e4000","0x1669b1d99e56a43","16384","339","spu-kernel-hle","tiny-dispatch-trap","1","1","1780688","1.70 MB","0.02%","244.00 KB","1.46 MB","0","0 B","1896","1.896","1.70 MB"
"profile-only","0x9e4000","0x4ef92e1e4fcdea43","16384","339","spu-kernel-hle","tiny-dispatch-trap","1","1","1780688","1.70 MB","0.02%","244.00 KB","1.46 MB","0","0 B","24793","24.793","1.70 MB"
"profile-only","0x9e4000","0xa33d305d26284843","16384","339","spu-kernel-hle","tiny-dispatch-trap","1","1","1780688","1.70 MB","0.02%","244.00 KB","1.46 MB","0","0 B","4526","4.526","1.70 MB"
"profile-only","0x9e4000","0xcb6208350a51f883","16384","339","spu-kernel-hle","tiny-dispatch-trap","1","1","1780688","1.70 MB","0.02%","244.00 KB","1.46 MB","0","0 B","3360","3.360","1.70 MB"
"profile-only","0x9e4000","0x1649e0f0f938d05b","16384","330","spu-kernel-hle","tiny-dispatch-trap","1","1","1780544","1.70 MB","0.02%","244.00 KB","1.46 MB","0","0 B","2474","2.474","1.70 MB"
"profile-only","0x9e4000","0xb0eae199587e578b","16384","330","spu-kernel-hle","tiny-dispatch-trap","1","1","1780544","1.70 MB","0.02%","244.00 KB","1.46 MB","0","0 B","2001","2.001","1.70 MB"
"profile-only","0x9e4000","0x73368794d6672c33","16384","329","spu-kernel-hle","tiny-dispatch-trap","1","1","1780240","1.70 MB","0.02%","244.00 KB","1.46 MB","0","0 B","2070","2.070","1.70 MB"
"profile-only","0x9e4000","0x9c0589c18bf32c33","16384","329","spu-kernel-hle","tiny-dispatch-trap","1","1","1780240","1.70 MB","0.02%","244.00 KB","1.46 MB","0","0 B","1982","1.982","1.70 MB"
"profile-only","0x9e4000","0x110b6a4b20089943","16384","329","spu-kernel-hle","tiny-dispatch-trap","1","1","1780240","1.70 MB","0.02%","244.00 KB","1.46 MB","0","0 B","1840","1.840","1.70 MB"
"profile-only","0x9e4000","0x4fa5e28ef38b760b","16384","338","spu-kernel-hle","tiny-dispatch-trap","1","1","1775696","1.69 MB","0.02%","244.00 KB","1.46 MB","0","0 B","1885","1.885","1.69 MB"
"profile-only","0x9e4000","0xac7c8d1daee0c9bb","16384","338","spu-kernel-hle","tiny-dispatch-trap","1","1","1775696","1.69 MB","0.02%","244.00 KB","1.46 MB","0","0 B","1856","1.856","1.69 MB"
"profile-only","0x9e4000","0x9cbde32ae9cbac7b","16384","328","spu-kernel-hle","tiny-dispatch-trap","1","1","1775248","1.69 MB","0.02%","244.00 KB","1.45 MB","0","0 B","1683","1.683","1.69 MB"
"profile-only","0x9e4000","0x907b65cc411136db","16384","328","spu-kernel-hle","tiny-dispatch-trap","1","1","1775248","1.69 MB","0.02%","244.00 KB","1.45 MB","0","0 B","1627","1.627","1.69 MB"
"profile-only","0x9e4000","0xea664a27f8fafd7b","16384","328","spu-kernel-hle","tiny-dispatch-trap","1","1","1775248","1.69 MB","0.02%","244.00 KB","1.45 MB","0","0 B","2352","2.352","1.69 MB"
"profile-only","0x9e4000","0x7d7530349b093df3","16384","327","spu-kernel-hle","tiny-dispatch-trap","1","1","1770256","1.69 MB","0.02%","244.00 KB","1.45 MB","0","0 B","24708","24.708","1.69 MB"
"profile-only","0x9e4000","0xfbfd36733a88b623","16384","327","spu-kernel-hle","tiny-dispatch-trap","1","1","1770256","1.69 MB","0.02%","244.00 KB","1.45 MB","0","0 B","1836","1.836","1.69 MB"
"profile-only","0x9e4000","0xf925a7371f75443b","16384","316","spu-kernel-hle","tiny-dispatch-trap","1","1","1764816","1.68 MB","0.02%","244.00 KB","1.44 MB","0","0 B","1384","1.384","1.68 MB"
"profile-only","0x9e4000","0x9da9f9db2f23b2cf","16384","293","spu-kernel-hle","tiny-dispatch-trap","1","1","1749840","1.67 MB","0.02%","244.00 KB","1.43 MB","0","0 B","2046","2.046","1.67 MB"
"profile-only","0x9e4000","0x701c4622fe4a93d3","16384","341","spu-kernel-hle","tiny-dispatch-trap","1","1","1741200","1.66 MB","0.02%","244.00 KB","1.42 MB","0","0 B","1721","1.721","1.66 MB"
"profile-only","0x9e4000","0xc00fbdd64776ed7b","16384","332","spu-kernel-hle","tiny-dispatch-trap","1","1","1741056","1.66 MB","0.02%","244.00 KB","1.42 MB","0","0 B","1351","1.351","1.66 MB"
"profile-only","0x9e4000","0xe5fc4fb8d72a8f9b","16384","332","spu-kernel-hle","tiny-dispatch-trap","1","1","1741056","1.66 MB","0.02%","244.00 KB","1.42 MB","0","0 B","1826","1.826","1.66 MB"
"profile-only","0x9e4000","0xe32b629a3fc9736b","16384","340","spu-kernel-hle","tiny-dispatch-trap","1","1","1736208","1.66 MB","0.02%","244.00 KB","1.42 MB","0","0 B","1497","1.497","1.66 MB"
"profile-only","0x9e4000","0xdbcef42204b6a66b","16384","330","spu-kernel-hle","tiny-dispatch-trap","1","1","1735760","1.66 MB","0.02%","244.00 KB","1.42 MB","0","0 B","25575","25.575","1.66 MB"
"profile-only","0x9e4000","0x624c66218a9deac3","16384","339","spu-kernel-hle","tiny-dispatch-trap","1","1","1731216","1.65 MB","0.02%","244.00 KB","1.41 MB","0","0 B","1614","1.614","1.65 MB"
"profile-only","0x9e4000","0x1e63725d4b62263","16384","329","spu-kernel-hle","tiny-dispatch-trap","1","1","1730768","1.65 MB","0.02%","244.00 KB","1.41 MB","0","0 B","25076","25.076","1.65 MB"
"profile-only","0x9e4000","0x453d8a149ea68633","16384","329","spu-kernel-hle","tiny-dispatch-trap","1","1","1730768","1.65 MB","0.02%","244.00 KB","1.41 MB","0","0 B","1739","1.739","1.65 MB"
"profile-only","0x9e4000","0xfe3dd177f025f56b","16384","320","spu-kernel-hle","tiny-dispatch-trap","1","1","1730624","1.65 MB","0.02%","244.00 KB","1.41 MB","0","0 B","1611","1.611","1.65 MB"
"profile-only","0x9e4000","0xdbd34e32570a980b","16384","328","spu-kernel-hle","tiny-dispatch-trap","1","1","1725776","1.65 MB","0.02%","244.00 KB","1.41 MB","0","0 B","2398","2.398","1.65 MB"
"profile-only","0x9e4000","0xed7dbc8b17814fc3","16384","319","spu-kernel-hle","tiny-dispatch-trap","1","1","1725632","1.65 MB","0.02%","244.00 KB","1.41 MB","0","0 B","6764","6.764","1.65 MB"
"profile-only","0x9e4000","0x1d08ca56ec43d2cb","16384","318","spu-kernel-hle","tiny-dispatch-trap","1","1","1725328","1.65 MB","0.02%","244.00 KB","1.41 MB","0","0 B","1413","1.413","1.65 MB"
"profile-only","0x9e4000","0x456998bc276311eb","16384","318","spu-kernel-hle","tiny-dispatch-trap","1","1","1725328","1.65 MB","0.02%","244.00 KB","1.41 MB","0","0 B","1371","1.371","1.65 MB"
"profile-only","0x9e4000","0x9d53a02e9742e9cb","16384","318","spu-kernel-hle","tiny-dispatch-trap","1","1","1725328","1.65 MB","0.02%","244.00 KB","1.41 MB","0","0 B","18253","18.253","1.65 MB"
"profile-only","0x9e4000","0xb472cee295ef35fb","16384","318","spu-kernel-hle","tiny-dispatch-trap","1","1","1725328","1.65 MB","0.02%","244.00 KB","1.41 MB","0","0 B","1683","1.683","1.65 MB"
"profile-only","0x9e4000","0xa9bd4c0bf0c5d2cb","16384","318","spu-kernel-hle","tiny-dispatch-trap","1","1","1725328","1.65 MB","0.02%","244.00 KB","1.41 MB","0","0 B","3149","3.149","1.65 MB"
"profile-only","0x9e4000","0x3a4efc1672021413","16384","327","spu-kernel-hle","tiny-dispatch-trap","1","1","1720784","1.64 MB","0.02%","244.00 KB","1.40 MB","0","0 B","1652","1.652","1.64 MB"
"profile-only","0x9e4000","0xa2f01e7018611413","16384","327","spu-kernel-hle","tiny-dispatch-trap","1","1","1720784","1.64 MB","0.02%","244.00 KB","1.40 MB","0","0 B","29040","29.040","1.64 MB"
"profile-only","0x9e4000","0x8f58802699d8f2c3","16384","317","spu-kernel-hle","tiny-dispatch-trap","1","1","1720336","1.64 MB","0.02%","244.00 KB","1.40 MB","0","0 B","2011","2.011","1.64 MB"
"profile-only","0x9e4000","0x94fb4a7407d2cd6b","16384","316","spu-kernel-hle","tiny-dispatch-trap","1","1","1715344","1.64 MB","0.02%","244.00 KB","1.40 MB","0","0 B","28237","28.237","1.64 MB"
"profile-only","0x9e4000","0x18a035d8daf4078f","16384","305","spu-kernel-hle","tiny-dispatch-trap","1","1","1710800","1.63 MB","0.02%","244.00 KB","1.39 MB","0","0 B","3980","3.980","1.63 MB"
"profile-only","0x4f0b80","0x646b5bed8b8df897","16384","39","too-small","needs-batching","3","3","1673040","1.60 MB","0.02%","164.58 KB","1.43 MB","0","0 B","29864","29.864","544.61 KB"
"profile-only","0x9e4000","0x9a59f5121b51a7c3","16384","197","spu-kernel-hle","tiny-dispatch-trap","1","1","1665488","1.59 MB","0.02%","244.00 KB","1.35 MB","0","0 B","1277","1.277","1.59 MB"
"profile-only","0x9e4000","0x3b585b907872ddd3","16384","197","spu-kernel-hle","tiny-dispatch-trap","1","1","1665488","1.59 MB","0.02%","244.00 KB","1.35 MB","0","0 B","5348","5.348","1.59 MB"
"profile-only","0x9e4000","0xc66d25c7417d3e4b","16384","196","spu-kernel-hle","tiny-dispatch-trap","1","1","1660496","1.58 MB","0.02%","244.00 KB","1.35 MB","0","0 B","24639","24.639","1.58 MB"
"profile-only","0x9e4000","0xe0f8c90cb5bfafd3","16384","195","spu-kernel-hle","tiny-dispatch-trap","1","1","1655504","1.58 MB","0.02%","244.00 KB","1.34 MB","0","0 B","11256","11.256","1.58 MB"
"profile-only","0x9e4000","0x4ec8def7af7b3ab3","16384","185","spu-kernel-hle","tiny-dispatch-trap","1","1","1655056","1.58 MB","0.02%","244.00 KB","1.34 MB","0","0 B","944","0.944","1.58 MB"
"profile-only","0x9e4000","0xf88ad943a9cec223","16384","185","spu-kernel-hle","tiny-dispatch-trap","1","1","1655056","1.58 MB","0.02%","244.00 KB","1.34 MB","0","0 B","1039","1.039","1.58 MB"
"profile-only","0x9e4000","0xdc4dc74f6d2e4223","16384","185","spu-kernel-hle","tiny-dispatch-trap","1","1","1655056","1.58 MB","0.02%","244.00 KB","1.34 MB","0","0 B","1449","1.449","1.58 MB"
"profile-only","0x9e4000","0xac5f7ae56611d03f","16384","175","spu-kernel-hle","tiny-dispatch-trap","1","1","1650816","1.57 MB","0.02%","244.00 KB","1.34 MB","0","0 B","19989","19.989","1.57 MB"
"profile-only","0x9e4000","0x633f9fe4bf9e36fb","16384","184","spu-kernel-hle","tiny-dispatch-trap","1","1","1650064","1.57 MB","0.02%","244.00 KB","1.34 MB","0","0 B","1122","1.122","1.57 MB"
"profile-only","0x9e4000","0x581d07dff4a7b6fb","16384","184","spu-kernel-hle","tiny-dispatch-trap","1","1","1650064","1.57 MB","0.02%","244.00 KB","1.34 MB","0","0 B","35080","35.080","1.57 MB"
"profile-only","0x4f0b80","0xb7fc572578889197","16384","55","too-small","needs-batching","1","1","807536","788.61 KB","0.01%","298.86 KB","489.75 KB","0","0 B","3368","3.368","788.61 KB"
"profile-only","0x4f0b80","0xd280d1a6f2bdcadf","16384","22","too-small","low","2","2","613856","599.47 KB","0.01%","109.72 KB","489.75 KB","0","0 B","4127","4.127","299.73 KB"
